{
  "credit": "ChatGPT",
  "textures": {
    "layer0": "minecraft:item/epic_wand"
  },
  "elements": [
    {
      "from": [
        7,
        0,
        7
      ],
      "to": [
        9,
        12,
        9
      ],
      "faces": {
        "north": {
          "uv": [
            56,
            20,
            72,
            120
          ],
          "texture": "#layer0"
        },
        "south": {
          "uv": [
            56,
            20,
            72,
            120
          ],
          "texture": "#layer0"
        },
        "east": {
          "uv": [
            56,
            20,
            72,
            120
          ],
          "texture": "#layer0"
        },
        "west": {
          "uv": [
            56,
            20,
            72,
            120
          ],
          "texture": "#layer0"
        },
        "up": {
          "uv": [
            56,
            20,
            72,
            20
          ],
          "texture": "#layer0"
        },
        "down": {
          "uv": [
            56,
            120,
            72,
            120
          ],
          "texture": "#layer0"
        }
      }
    },
    {
      "from": [
        4,
        12,
        4
      ],
      "to": [
        12,
        16,
        12
      ],
      "faces": {
        "north": {
          "uv": [
            32,
            0,
            96,
            64
          ],
          "texture": "#layer0"
        },
        "south": {
          "uv": [
            32,
            0,
            96,
            64
          ],
          "texture": "#layer0"
        },
        "east": {
          "uv": [
            32,
            0,
            96,
            64
          ],
          "texture": "#layer0"
        },
        "west": {
          "uv": [
            32,
            0,
            96,
            64
          ],
          "texture": "#layer0"
        },
        "up": {
          "uv": [
            32,
            0,
            96,
            0
          ],
          "texture": "#layer0"
        },
        "down": {
          "uv": [
            32,
            64,
            96,
            64
          ],
          "texture": "#layer0"
        }
      }
    }
  ],
  "display": {
    "thirdperson_righthand": {
      "rotation": [
        0,
        90,
        -35
      ],
      "translation": [
        0,
        4,
        1
      ],
      "scale": [
        1.5,
        1.5,
        1.5
      ]
    },
    "firstperson_righthand": {
      "rotation": [
        0,
        90,
        -25
      ],
      "translation": [
        1,
        3,
        1
      ],
      "scale": [
        1.4,
        1.4,
        1.4
      ]
    },
    "gui": {
      "rotation": [
        30,
        225,
        0
      ],
      "scale": [
        1.6,
        1.6,
        1.6
      ]
    }
  }
}